Departures,Facility Name,City,State,Facility Type,Per Diem Rate
199,Abbott Home,New York City,New York,Juvenile Facility,Not Available
85,Abilene Hold Room,Abilene,Kansas,Holding/Staging Facility,Not Available
1816,Adelanto Detention Facility,Adelanto,California,Intergovernmental Service Agreement,"1455 (GM); $111.92 (1-1455), $42.36 (1456-1940)"
6,Agana Immigration Holding Facility,Hagatna,Guam,Holding/Staging Facility,Not Available
2,Alamosa Hold Room,Alamosa,Colorado,Holding/Staging Facility,Not Available
86,Albany County Jail,Albany,New York,Intergovernmental Service Agreement,$119.30
21,Albuquerque Hold Room,Albuquerque,New Mexico,Holding/Staging Facility,Not Available
3,Alexandria City Jail,Alexandria,Virginia,Intergovernmental Service Agreement,Not Available
12043,Alexandria Staging Facility,Alexandria,Louisiana,Holding/Staging Facility,Not Available
114,Alice Peterson Residence,Mesa,Arizona,Juvenile Facility,Not Available
41,Allegany County Jail,Belmont,New York,Intergovernmental Service Agreement,$95.00
17,Amarillo Hold Room,Amarillo,Texas,Holding/Staging Facility,Not Available
1,Anchorage Jail,Anchorage,Alaska,Intergovernmental Service Agreement,$142.66
1350,Arizona Removal Operations Coordination Center (AROCC),Phoenix,Arizona,Holding/Staging Facility,Not Available
778,Artesia Family Residential Center,Artesia,New Mexico,Intergovernmental Service Agreement,Not Available
1172,Atlanta District Office Holding Room,Atlanta,Georgia,Holding/Staging Facility,Not Available
56,Atlanta Pretrial Detention Center,Atlanta,Georgia,Intergovernmental Service Agreement,$78.00
1,Atlantic Shores Hospital,Fort Lauderdale,Florida,Medical Facility,Not Available
665,Austin DRO Hold Room,Austin,Texas,Holding/Staging Facility,Not Available
321,Baker County Sheriff Department.,MacClenny,Florida,Intergovernmental Service Agreement,$84.72
234,Bakerfield Hold Room,Bakerfield,California,Holding/Staging Facility,Not Available
8,Baldwin County Corrections Center,Bay Minette,Alabama,Intergovernmental Service Agreement,$40.00
117,Baltimore DD&P Holding Facility,Baltimore,Maryland,Holding/Staging Facility,Not Available
25,Baptist Child & Family Services,Fairfield,California,Intergovernmental Service Agreement,Not Available
985,Baptist Child & Family Services,San Antonio,Texas,Juvenile Facility,Not Available
444,Baptist Child & Family Services-Baytown,Baytown,Texas,Juvenile Facility,Not Available
1368,Baptist Child & Family Services-HLG,Harlingen,Texas,Juvenile Facility,Not Available
253,Baptist Child & Family Services-Ray,Raymondville,Texas,Juvenile Facility,Not Available
634,Baptist Child & Family Services-SNA,San Antonio,Texas,Juvenile Facility,Not Available
213,Baptist Child & Family Services-TFC,Harlingen,Texas,Juvenile Facility,Not Available
912,Bedford City Jail,Bedford,Texas,Intergovernmental Service Agreement,$51.12
4,Bedford Heights City Jail,Bedford Hts,Ohio,Intergovernmental Service Agreement,$65.00
118,Bergen County Jail,Hackensack,New Jersey,Intergovernmental Service Agreement,$110.00
437,Berks County Family Shelter,Leesport,Pennsylvania,Juvenile Facility,Not Available
10,Best Western Dragon Gate Inn,Los Angeles,California,Other Facility Type,Not Available
102,Bethany Children's Home,Womelsdorf,Pennsylvania,Juvenile Facility,Not Available
54,"Bethany Christian Services, Grand Rapids",Grand Rapids,Michigan,Intergovernmental Service Agreement,Not Available
4134,Big Spring Hold Room,Big Spring,Texas,Holding/Staging Facility,Not Available
1,Billings Hold Room,Billings,Montana,Holding/Staging Facility,Not Available
126,Board of Child Care,Baltimore,Maryland,Juvenile Facility,Not Available
9,Boise Hold Room,Boise,Idaho,Holding/Staging Facility,Not Available
425,Boone County Jail,Burlington,Kentucky,Intergovernmental Service Agreement,$55.00
48,Boston Hold Room,Boston,Massachusetts,Holding/Staging Facility,Not Available
444,Boys Town Facility,Miami,Florida,Juvenile Facility,Not Available
1,Boystown - Cutler Bay,Cutler Bay,Florida,Juvenile Facility,Not Available
90,Brazoria County Youth Homes,Freeport,Texas,Juvenile Facility,Not Available
1,"Bridgewater State Hospital, Bridgewater",Bridgewater,Massachusetts,Medical Facility,Not Available
257,Bristol County Jail and House of Corrections,North Dartmouth,Massachusetts,Intergovernmental Service Agreement,$98.00
1429,Broadview Service Staging (Hold Room),Chicago,Illinois,Holding/Staging Facility,Not Available
1,Brooklyn Metropolitan Detention Center,Brooklyn,New York,Federal Bureau of Prisons,Not Available
58,Brooks County Detention Center,Falfurrias,Texas,Intergovernmental Service Agreement,$63.00
1,Broward County Jail,Ft. Lauderdale,Florida,Intergovernmental Service Agreement,Not Available
1527,Broward Transitional Contract Detention Facility,Pompano Beach,Florida,Contract Detention Facility,"$1,900,620 (flat fee); + $7.21 per diem"
1,Brush Hold Room,Brush,Colorado,Holding/Staging Facility,Not Available
11,Buffalo Hold Room,Buffalo,New York,Holding/Staging Facility,Not Available
1582,Buffalo Service Processing Center (Federal Detention Facility),Batavia,New York,ICE Service Processing Center,"400 (GM); $119.33 (1-400), $17.29 (401-650)"
6,Burnet County Jail,Burnet,Texas,Intergovernmental Service Agreement,$59.26
206,Butler County Correctional Complex (Jail),Hamilton,Ohio,Intergovernmental Service Agreement,$53.20
34,Butler County Jail,El Dorado,Kansas,Intergovernmental Service Agreement,$60.00
171,Caldwell County Jail,Kingston,Missouri,Intergovernmental Service Agreement,$65.97
236,Calhoun County Facility,Battle Creek,Michigan,Intergovernmental Service Agreement,"75 (GM for DEAPDMI and CALHOMI combined); $72.00 (1-75), $40.00 (76-125), $64.27 (126+)"
1,Calipatria State Prison,Calipatria,California,Intergovernmental Service Agreement,Not Available
1,"Candadian County, El Reno",Brownsville,Texas,Intergovernmental Service Agreement,Not Available
72,Cardinal McCloskey Community Services,Valhalla,New York,Juvenile Facility,Not Available
43,Carver County Jail,Chaska,Minnesota,Intergovernmental Service Agreement,$70.00 Adult $145.00 Juvenile
60,Casa Heartland at Princeton,Princeton,Illinois,Juvenile Facility,Not Available
7,Cascade County Jail,Great Falls,Montana,Intergovernmental Service Agreement,$75.00
83,Case Guadalupe,Peoria,Illinois,Juvenile Facility,Not Available
62,Case Guadalupe #2,Peoria,Illinois,Juvenile Facility,Not Available
11,Case Guadalupe #3,Peoria,Illinois,Juvenile Facility,Not Available
13,Caspar Hold Room,Casper,Wyoming,Holding/Staging Facility,Not Available
16,Cass County Jail,Plattsmouth,Nebraska,Intergovernmental Service Agreement,$66.51
144,Catholic Charities (Houston),Houston,Texas,Juvenile Facility,Not Available
56,Catholic Charities - Fort Worth Shelter,Fort Worth,Texas,Juvenile Facility,Not Available
6,Catholic Charities - Santa Clara County,San Jose,California,Juvenile Facility,Not Available
108,Catholic Community Services - Phoenix,Phoenix,Arizona,Juvenile Facility,Not Available
6,Catholic Family Center,Rochester,New York,Juvenile Facility,Not Available
124,Catholic Guardian Services,New York City,New York,Juvenile Facility,Not Available
2,Catholic Guardian Services - Crotona,New York City,New York,Juvenile Facility,Not Available
19,Catholic Social Services,Tacoma,Washington,Juvenile Facility,Not Available
471,Cayuga Centers,New York City,New York,Juvenile Facility,Not Available
3,Cedar Rapids Hold Room,Cedar Rapids,Iowa,Holding/Staging Facility,Not Available
2,Central Arizona Detention Center,Florence,Arizona,Contract Detention Facility,$105.17
1,Central Arizona Medical Facility,Florence,Arizona,Medical Facility,Not Available
53,Charleston County Correctional Facility,North Charleston,South Carolina,Intergovernmental Service Agreement,$55.00
2,Charlotte Amalie Hold Room,Charlotte,Virgin Islands,Holding/Staging Facility,Not Available
37,Charlotte Hold Room,Charlotte,North Carolina,Holding/Staging Facility,Not Available
205,Chase County Jail,Cottonwood Falls,Kansas,Intergovernmental Service Agreement,$48.50
94,Chatlin House,Holiday,Florida,Juvenile Facility,Not Available
9,Chautauqua County Jail,Mayville,New York,Intergovernmental Service Agreement,$94.00
9,Cheyenne Hold Room,Cheyenne,Wyoming,Holding/Staging Facility,Not Available
1091,Chicago O'Hare Airport Immigration Holding Facility,Chicago,Illinois,Holding/Staging Facility,Not Available
87,Children's Center Inc.,Galveston,Texas,Juvenile Facility,Not Available
72,Children's Home of Kingston,Kingston,New York,Juvenile Facility,Not Available
38,Children's Home of Poughkeepsie,Poughkeepsie,New York,Juvenile Facility,Not Available
68,Children's Home Society of Florida,Winter Park,Florida,Juvenile Facility,Not Available
453,Children's Village,Queens,New York,Juvenile Facility,Not Available
27,Chippewa County Facility,Sault Sainte Marie,Michigan,Intergovernmental Service Agreement,$56.69
1,Chittenden Regional. Correctional. Facility,South Burlington,Vermont,Intergovernmental Service Agreement,Not Available
65,Christian County Sheriff Detention Facility,Ozark,Missouri,Intergovernmental Service Agreement,$62.43
132,Clay County Justice Center,Brazil,Indiana,Intergovernmental Service Agreement,$45.00
3,Cleveland Hold Room,Cleveland,Ohio,Holding/Staging Facility,Not Available
107,Clinton County Correctional Facility,Lock Haven,Pennsylvania,Intergovernmental Service Agreement,$67.00
46,Clinton County Jail,Plattsburgh,New York,Intergovernmental Service Agreement,$102.00
788,Coastal Bend Detention Center,Robstown,Texas,Contract Detention Facility,$66.56
2,Cobb County Jail,Marietta,Georgia,Intergovernmental Service Agreement,$42.58
43,Collier County Sheriff Facility,Naples,Florida,Intergovernmental Service Agreement,$71.00
8,Columbia Care Center,Columbia,South Carolina,Intergovernmental Service Agreement,Not Available
2,Columbia Kendal Hospital,Miami,Florida,Medical Facility,Not Available
89,Comfort Suites Hotel,Miami,Florida,Other Facility Type,Not Available
1,Compass House Shelter,Buffalo,New York,Juvenile Facility,Not Available
4,Contra Costa County Jail,Martinez,California,Intergovernmental Service Agreement,Not Available
389,Contra Costa County Jail West,Richmond,California,Intergovernmental Service Agreement,$82.00
623,Corpus Christi Facility,Corpus Christi,Texas,Juvenile Facility,Not Available
5,County of Union Juvenile Detention Center,Elizabeth,New Jersey,Juvenile Facility,Not Available
40,Crittenton Foster Care,Fullerton,California,Juvenile Facility,Not Available
336,Crittenton Services,Fullerton,California,Juvenile Facility,Not Available
3,Cumberland County Jail,Portland,Maine,Intergovernmental Service Agreement,$130.00
8,Dakota County Jail,Dakota City,Nebraska,Intergovernmental Service Agreement,$65.00
2941,Dallas Field Office Holding Facility,Dallas,Texas,Holding/Staging Facility,Not Available
304,David & Margaret Home,La Verne,California,Juvenile Facility,Not Available
312,David L. Moss Criminal Justice Center (Jail),Tulsa,Oklahoma,Intergovernmental Service Agreement,$54.13
37,Davidson County Sheriff Facility,Nashville,Tennessee,Intergovernmental Service Agreement,$61.00
279,Dearborn Police Department Facility,Dearborn,Michigan,Intergovernmental Service Agreement,"75 (GM for DEAPDMI and CALHOMI combined); $72.00 (1-75), $40.00 (76-125), $64.27 (126+)"
61,DeKalb County Detention Center,Fort Payne,Alabama,Intergovernmental Service Agreement,$47.00
536,Delaney Hall Detention Facility,Newark,New Jersey,Contract Detention Facility,$108.00
6,Delaware County Jail,Thornton,Pennsylvania,Intergovernmental Service Agreement,$80.87
1393,Denver Contract Detention Facility,Aurora,Colorado,Contract Detention Facility,"350 (GM); $140.23 (1-350), $20.31 (351+)"
171,Denver Hold Room,Denver,Colorado,Holding/Staging Facility,Not Available
49,Department of Corrections-Hagatna,Hagatna,Guam,Intergovernmental Service Agreement,Not Available
12,Des Moines Hold Room,Des Moines,Iowa,Holding/Staging Facility,Not Available
1,Desert Valley Hospital,Victorville,California,Medical Facility,Not Available
9,Detroit Immigration Holding Facility,Detroit,Michigan,Holding/Staging Facility,Not Available
53,Dodge County Detention Facility (Jail),Juneau,Wisconsin,Intergovernmental Service Agreement,$75.00
304,Douglas County Correction Facility,Omaha,Nebraska,Intergovernmental Service Agreement,$84.00
14,Dover Hold Room,Dover,Delaware,Holding/Staging Facility,Not Available
2159,East Hidalgo Detention Center,La Villa,Texas,Contract Detention Facility,$59.26
2,East Mesa Detention Facility,San Diego,California,Intergovernmental Service Agreement,Not Available
1,Eastern Regional Jail,Martinsburg,West Virginia,Intergovernmental Service Agreement,$56.00
4,Eddy County Jail,Carlsbad,New Mexico,Intergovernmental Service Agreement,Not Available
810,Eden Hold Room,Eden,Texas,Holding/Staging Facility,Not Available
38,El Paso Boeing Drive Hold Room,El Paso,Texas,Holding/Staging Facility,Not Available
106,El Paso County Jail,Colorado Springs,Colorado,Intergovernmental Service Agreement,$62.40
2635,El Paso Hold Room,El Paso,Texas,Holding/Staging Facility,Not Available
1,El Paso Juvenile Service Processing Center,El Paso,Texas,ICE Service Processing Center,Not Available
9522,El Paso Service Processing Center,El Paso,Texas,ICE Service Processing Center,"500 (GM); $168.84 (1-500), $9.87 (501+)"
8,Elgin Police Department.Jail,Elgin,Illinois,Intergovernmental Service Agreement,$50.00
1699,Elizabeth Contract Detention Facility,Elizabeth,New Jersey,Contract Detention Facility,"285 (GM); $130.81 (1-285), $129.57 (286-300), $32.57 (301+)"
56,Elmore County Jail,Mountain Home,Idaho,Intergovernmental Service Agreement,$60.00
6415,Eloy Federal Contract Facility,Eloy,Arizona,Intergovernmental Service Agreement,$69.97
24,Erie County Jail,Erie,Pennsylvania,Intergovernmental Service Agreement,$75.00
1125,Essex County Correctinal Facility (Jail),Newark,New Jersey,Intergovernmental Service Agreement,$108.00
235,Etowah County Jail,Gadsden,Alabama,Intergovernmental Service Agreement,$45.00
6,Eugene Hold Room,Eugene,Oregon,Holding/Staging Facility,Not Available
991,Euless City Jail,Euless,Texas,Intergovernmental Service Agreement,$55.00
2,Fairfax County Jail,Fairfax,Virginia,Intergovernmental Service Agreement,Not Available
1167,Farmville Detention Center - ICA,Farmville,Virginia,Intergovernmental Service Agreement,"500 (GM); $125.39 (1-500), $43.69 (501+)"
13,Fayette County Detention Center,Lexington,Kentucky,Intergovernmental Service Agreement,Not Available
1,Fayetteville Hold Room,Fayetteville,North Carolina,Holding/Staging Facility,Not Available
4,Florence Correctional Center,Florence,Arizona,Contract Detention Facility,$105.17
8148,Florence Service Processing Center,Florence,Arizona,ICE Service Processing Center,"374 (GM for FLO and FSF combined); $222.05 (1-374), $0.00 (375-717)"
10575,Florence Staging Facility,Florence,Arizona,Holding/Staging Facility,Not Available
3,Forsyth County Jail,Winston-Salem,North Carolina,Intergovernmental Service Agreement,$62.22
12,Fort Smith Hold Room,Fort Smith,Arizona,Holding/Staging Facility,Not Available
212,Frederick County Detention Center,Frederick,Maryland,Intergovernmental Service Agreement,$83.00
114,Freeborn County Adult Detention Center (Jail),Albert Lea,Minnesota,Intergovernmental Service Agreement,$77.02
73,Fresno Holding Room,Fresno,California,Holding/Staging Facility,Not Available
15,Friends of Youth Therapeutic Services,Seattle,Washington,Juvenile Facility,Not Available
5,Garvin County Jail,Pauls Valley,Oklahoma,Intergovernmental Service Agreement,$43.50
170,Geauga County Jail,Chardon,Ohio,Intergovernmental Service Agreement,$70.00
104,George Bush Intercontinental Airport,Houston,Texas,Intergovernmental Service Agreement,Not Available
218,Glades County Detention Center,Moore Haven,Florida,Intergovernmental Service Agreement,$80.64
3,Glenwood Springs Hold Room,Glenwood,Colorado,Holding/Staging Facility,Not Available
41,Grand Forks County Correction Center,Grand Forks,North Dakota,Intergovernmental Service Agreement,"$150.00 for UAC, $70.00 for Adult"
6,Grand Forks Hold Room,Grand Forks,North Dakota,Holding/Staging Facility,Not Available
2,Grand Island Hold Room,Grand Island,Nebraska,Holding/Staging Facility,Not Available
8,Grand Junction Hold Room,Grand Junction,Colorado,Holding/Staging Facility,Not Available
19,Grand Rapids Hold Room,Grand Rapids,Michigan,Holding/Staging Facility,Not Available
60,Grayson County Jail,Leitchfield,Kentucky,Intergovernmental Service Agreement,$47.00
114,Greenfield House of Correction,Greenfield,Massachusetts,Intergovernmental Service Agreement,$86.00
15,Greer Hold Room,Greer,South Carolina,Holding/Staging Facility,Not Available
1,Guam Adult Correctional Facility,Agana,Guam,Intergovernmental Service Agreement,Not Available
7,Guaynabo DHS Holding Facility,Guaynabo,Puerto Rico,Holding/Staging Facility,Not Available
32,Guaynabo Metropolitan Detention Center,San Juan,Puerto Rico,Federal Bureau of Prisons,Not Available
10,Gulf Coast Jewish and Family Community Services,Clearwater,Florida,Juvenile Facility,Not Available
2,Haile Detention. Center,Caldwell,Idaho,Intergovernmental Service Agreement,$54.00
36,Hall County Department of Corrections,Grand Island,Nebraska,Intergovernmental Service Agreement,$63.01
2,Hall County Jail,Gainesville,Georgia,Intergovernmental Service Agreement,$53.00
35,Hardin County Correctional Center,Eldora,Iowa,Intergovernmental Service Agreement,$70.00
18808,Harlingen Hold Room,Harlingen,Texas,Holding/Staging Facility,Not Available
11,Harlingen Medical Center,Harlingen,Texas,Medical Facility,Not Available
5,Harlingen Police Department,Harlingen,Texas,Intergovernmental Service Agreement,Not Available
1,Harrisonburg Hold Room,Harrisonburg,Virginia,Holding/Staging Facility,Not Available
28,Hartford Office Holding Facility,Hartford,Connecticut,Holding/Staging Facility,Not Available
109,Heartland International Child Center-Beverly,Chicago,Illinois,Juvenile Facility,Not Available
236,Heartland International Children's Center,Chicago,Illinois,Juvenile Facility,Not Available
513,Heartland International Children's Center (RC),Chicago,Illinois,Juvenile Facility,Not Available
2,Helena District Custody Holding Facility,Helena,Montana,Holding/Staging Facility,Not Available
14,Henderson County Detention Facility,Hendersonville,North Carolina,Intergovernmental Service Agreement,Not Available
796,Henderson Detention Center,Henderson,Nevada,Intergovernmental Service Agreement,$106.00
1,Hendersonville Hold Room,Hendersonville,North Carolina,Holding/Staging Facility,Not Available
35,Hidalgo County Jail,Edinburg,Texas,Intergovernmental Service Agreement,Not Available
2,Hidalgo Police Department,Hidalgo,Texas,Intergovernmental Service Agreement,Not Available
757,His House Children's Home,Miami Gardens,Florida,Juvenile Facility,Not Available
28,Holy Family Institute,Pittsburgh,Pennsylvania,Juvenile Facility,Not Available
42,Honolulu District Office Holding Facility,Honolulu,Hawaii,Holding/Staging Facility,Not Available
168,Honolulu Federal Detention Center,Honolulu,Hawaii,Federal Bureau of Prisons,Not Available
11407,Houston Contract Detention Facility,Houston,Texas,Contract Detention Facility,"750 (GM); $109.24 (1-750), $109.24 (750-900), $40.00 (901-1,000)"
9,Houston Field Office Holding Room,Houston,Texas,Holding/Staging Facility,Not Available
139,Howard County Detention Center,Jessup,Maryland,Intergovernmental Service Agreement,$90.00
590,Hudson County Correctional Facility (Jail),Kearney,New Jersey,Intergovernmental Service Agreement,$110.00
1,Imperial County Jail,El Centro,California,Intergovernmental Service Agreement,Not Available
1865,Imperial Regional Adult Detention Facility,Calexico,California,Contract Detention Facility,"640 (GM); $141.66 (1-640), $96.43 (641+)"
52,Indianapolis Hold Room,Inadianapolis,Indiana,Holding/Staging Facility,Not Available
598,International Educational Services Shelter,Los Fresnos,Texas,Juvenile Facility,Not Available
501,International Educational Services-Brownsville,Brownsville,Texas,Juvenile Facility,Not Available
659,International Educational Services-Driscoll,Driscoll,Texas,Juvenile Facility,Not Available
241,International Educational Services-Hidalgo,Hidalgo,Texas,Juvenile Facility,Not Available
496,International Educational Services-Palm Valley,Palm Valley,Texas,Juvenile Facility,Not Available
69,International Educational Services-Sunshine,Sunshine,Texas,Juvenile Facility,Not Available
150,International Educational Services-Weslaco,Weslaco,Texas,Juvenile Facility,Not Available
36,Inwood House,New York City,New York,Juvenile Facility,Not Available
460,Irwin County Detention Center,Ocilla,Georgia,Intergovernmental Service Agreement,$60.50
4,Jackson Memorial Hospital,Miami,Florida,Medical Facility,Not Available
7,Jacksonville Sub-Office Holding Facility,Jacksonville,Florida,Holding/Staging Facility,Not Available
4,James A. Musick Facility,Irvine,California,Intergovernmental Service Agreement,$118.00
3,Jameson Transitional Foster Care,Houston,Texas,Juvenile Facility,Not Available
17,Jefferson County Jail,Rigby,Idaho,Intergovernmental Service Agreement,$62.69
5265,Jena/ LaSalle Detention Facility,Jena,Louisiana,Contract Detention Facility,"1170 (GM for JENADLA and JENATLA combined); $70.19 (1 ? 1170), $28.38 (1171 - 1560)"
538,Johnson County Jail,Cleburne,Texas,Intergovernmental Service Agreement,$59.72
9,Josephine County Jail,Grants Pass,Oregon,Intergovernmental Service Agreement,$100.00
13,Kansas City Hold Room,Kansas City,Missouri,Holding/Staging Facility,Not Available
3331,Karnes County Residential Center,Karnes City,Texas,Intergovernmental Service Agreement,Not Available
50,Kenosha County Detention Center (Jail),Kenosha,Wisconsin,Intergovernmental Service Agreement,$70.00
28,Kent County Facility,Grand Rapids,Michigan,Intergovernmental Service Agreement,$85.00
183,Kidspeace,Orefield,Pennsylvania,Juvenile Facility,Not Available
4,Kidspeace Foster Care Program,Bethlehem,Pennsylvania,Juvenile Facility,Not Available
2,Kidspeace Long Term Foster Care,Indianapolis,Indiana,Juvenile Facility,Not Available
1,Kings County Hospital,Brooklyn,New York,Medical Facility,Not Available
1257,Krome North Service Processing Center,Miami,Florida,ICE Service Processing Center,"450 (GM); $146.60 (1-450), $57.35 (451+)"
614,Krome/Miami Hub,Miami,Florida,ICE Service Processing Center,Not Available
2,La Feria Police Department,La Feria,Texas,Intergovernmental Service Agreement,Not Available
2,La Paz Adult Detention Facility,Parker,Arizona,Intergovernmental Service Agreement,$60.00
1,Lackland Air Force Base,San Antonio,Texas,Juvenile Facility,Not Available
14,Lakeside - Englewood,Chicago,Illinois,Juvenile Facility,Not Available
12,Lakeside - Washington Park,Chicago,Illinois,Juvenile Facility,Not Available
6744,Laredo Detention Center Hold Room,Laredo,Texas,Holding/Staging Facility,Not Available
2487,Laredo Processing Center,Laredo,Texas,Contract Detention Facility,$59.79
1,Larkin Hospital,South Miami,Florida,Medical Facility,Not Available
42,Las Vegas Hold Room,Las Vegas,Nevada,Holding/Staging Facility,Not Available
12,LaSalle County Regional Detention Center,Encinal,Texas,Intergovernmental Service Agreement,Not Available
187,Leake & Watts,Yonkers,New York,Juvenile Facility,Not Available
8,Lexington County Jail,Lexington,South Carolina,Intergovernmental Service Agreement,$60.81
64,Lincoln County Sheriff's Facility,Troy,Missouri,Intergovernmental Service Agreement,$50.00
388,Lincoln Hall,Lincolndale,New York,Juvenile Facility,Not Available
25,Linn County Jail,Cedar Rapids,Iowa,Intergovernmental Service Agreement,$64.70
2,Little Rock Hold Room,Little Rock,Arkansas,Holding/Staging Facility,Not Available
1,Loma Linda University Medical Center,Loma Linda,California,Medical Facility,Not Available
1,Lompoc Federal Correctional Institution,Lompoc,California,Federal Bureau of Prisons,Not Available
20,Lonoke Police Detention Center,Lonoke,Arkansas,Intergovernmental Service Agreement,$30.00
148,Lorraine Thomas Shelter,Winter Park,Florida,Juvenile Facility,Not Available
2,Los Angeles County Jail,Los Angeles,California,Intergovernmental Service Agreement,Not Available
1738,Los Custody Case Holding Facility,San Pedro,California,Holding/Staging Facility,Not Available
39,Los Fresnos Hold Room,Los Fresnos,Texas,Holding/Staging Facility,Not Available
66,Louisville Hold Room,Louisville,Kentucky,Holding/Staging Facility,Not Available
16,Loveland Hold Room,Loveland,Colorado,Holding/Staging Facility,Not Available
274,LSSS New Hope Children's Emergency Shelter,Mcallen,Texas,Juvenile Facility,Not Available
3,Lubbock County Jail,Lubbock,Texas,Intergovernmental Service Agreement,$65.00
58,Lubbock Hold Room,Lubbock,Texas,Holding/Staging Facility,Not Available
2,Lutheran Children and Family Services,Philadelphia,Pennsylvania,Intergovernmental Service Agreement,Not Available
16,Lutheran Community Services,Worcester,Massachusetts,Juvenile Facility,Not Available
4,Lutheran Community Services Facility,North Seattle,Washington,Juvenile Facility,Not Available
12,Lutheran Social Services Facility,Lansing,Michigan,Juvenile Facility,Not Available
259,Lutheran Social Services Facility,El Paso,Texas,Juvenile Facility,Not Available
18,Lutheran Social Services Facility - Bay City,Bay City,Michigan,Juvenile Facility,Not Available
12,Lutheran Social Services Facility - Farmington Hills,Farmington Hills,Michigan,Juvenile Facility,Not Available
85,Lutheran Social Services of Metro NY,New York City,New York,Juvenile Facility,Not Available
276,Lutheran Social Services of the South,Corpus Christi,Texas,Juvenile Facility,Not Available
24,Luthern Social Services of New York (Treatment Foster Care),New York City,New York,Juvenile Facility,Not Available
51,Manchester Hold Room,Manshester,New Hampshire,Holding/Staging Facility,Not Available
12,Marion County Jail,Indianapolis,Indiana,Intergovernmental Service Agreement,$65.00
99,Marshall County Jail,Marshalltown,Iowa,Intergovernmental Service Agreement,$50.00
1,Maverick County Jail,Eagle Pass,Texas,Intergovernmental Service Agreement,Not Available
112,McHenry County Adult Correctional Facility,Woodstock,Illinois,Intergovernmental Service Agreement,$95.00
93,Mecklenburg County Jail,Charlotte,North Carolina,Intergovernmental Service Agreement,$124.78
2,Medford Sub-Office Holding Facility,Medford,Oregon,Holding/Staging Facility,Not Available
3,Memphis Hold Room,Memphis,Tennessee,Holding/Staging Facility,Not Available
4,Mercy First - Bayshore,Bayshore,New York,Juvenile Facility,Not Available
102,Mercy First - Syosset,Syosset,New York,Juvenile Facility,Not Available
112,Mesa Verde Detention Facility - CCF,Bakersfield,California,Intergovernmental Service Agreement,"320 (GM); $119.95 (1-320), $94.95 (321-400)"
2637,Miami Staging Facility,Miami,Florida,Holding/Staging Facility,Not Available
3,Miller County Jail,Texarkana,Arkansas,Intergovernmental Service Agreement,$52.00
35,Milwaukee Hold Room,Milwaukee,Wisconsin,Holding/Staging Facility,Not Available
11,Minicassia Detention Center,Burley,Idaho,Intergovernmental Service Agreement,$45.00
15,Mississippi County Detention Center,Charleston,Missouri,Intergovernmental Service Agreement,$65.03
1,Missoula County Facility,Missoula,Montana,Intergovernmental Service Agreement,Not Available
604,Monroe County Facility,Monroe,Michigan,Intergovernmental Service Agreement,$74.96
39,Monroe County Jail,Key West,Florida,Intergovernmental Service Agreement,"50 (GM); $87.00 (1-50), $25.00 (51-72)"
7,Monroe County Jail (Main),Monroe,Michigan,Intergovernmental Service Agreement,Not Available
5,Montgomery City Jail,Montgomery,Alabama,Intergovernmental Service Agreement,$48.00
146,Montgomery County Jail,Montgomery City,Missouri,Intergovernmental Service Agreement,$50.00
251,Montgomery County Jail,Norristown,Pennsylvania,Intergovernmental Service Agreement,$74.50
4341,Montgomery County Jail,Conroe,Texas,Intergovernmental Service Agreement,$67.07
149,Morgan County Sheriff's Facilityt,Versailles,Missouri,Intergovernmental Service Agreement,$65.10
60,Morrison Center,Portland,Oregon,Juvenile Facility,Not Available
30,Morrison Center - Knott Site,Portland,Oregon,Juvenile Facility,Not Available
54,Morrison Center - Paso Staff Secure,Portland,Oregon,Juvenile Facility,Not Available
27,Morrison Center - Secure,Portland,Oregon,Juvenile Facility,Not Available
503,Morrow County Correctional Facility,Mount Gilead,Ohio,Intergovernmental Service Agreement,$53.64
1,MVM Transport -San Antonio,San Antonio,Texas,Other Facility Type,Not Available
1,MVN Transportation - SNA,Rancho Cucamonga,California,Other Facility Type,Not Available
1,Nashua St. Jail,Boston,Massachusetts,Intergovernmental Service Agreement,Not Available
14,Natrona County Jail,Casper,Wyoming,Intergovernmental Service Agreement,$75.00
133,Neighbor to Family - MIA,Daytona Beach,Florida,Juvenile Facility,Not Available
49,Neighbor to Family - UAC Program - ATL,Atlanta,Georgia,Juvenile Facility,Not Available
6,New Hanover County Detention Center,Castle Hayne,North Carolina,Intergovernmental Service Agreement,$60.00
110,New Leaf,Mesa,Arizona,Juvenile Facility,Not Available
175,New York City Field Office Holding Facility,New York,New York,Holding/Staging Facility,Not Available
115,New York Foundling Program/Shelter,New York City,New York,Juvenile Facility,Not Available
153,Newark Immigration Holding Room,Newark,New Jersey,Holding/Staging Facility,Not Available
18,Noank Group Homes and Support Services,Groton,Connecticut,Juvenile Facility,Not Available
11,Nobles County Jail,Worthington,Minnesota,Intergovernmental Service Agreement,$89.69
2,Norfolk County Facility,Dedham,Massachusetts,Intergovernmental Service Agreement,$95.00
23,Norfolk Sub-Office Hold Room,Norfolk,Virginia,Holding/Staging Facility,Not Available
16,Northern Oregon Correctional Facility also known as NORCOR,The Dalles,Oregon,Intergovernmental Service Agreement,$61.12
5,Northern Regional Jail,Moundsville,West Virginia,Intergovernmental Service Agreement,$65.00
24,Northern Virginia Juvenile Detention,Alexandria,Virginia,Intergovernmental Service Agreement,Not Available
2159,Northwest Contract Detention Center,Tacoma,Washington,Contract Detention Facility,Not Available
6,Northwest State Correctional Center,Swanton,Vermont,Intergovernmental Service Agreement,$130.00
106,Nuevo Amanecer Latino Children's Services,Los Angeles,California,Juvenile Facility,Not Available
1,Oakdale Federal Detention Center,Oakdale,Louisiana,Federal Bureau of Prisons,Not Available
30,Office of Refugee Resettlement Juvenile Facility,Chicago,Illinois,Juvenile Facility,Not Available
4,Ogden Hold Room,Ogden,Utah,Holding/Staging Facility,Not Available
30,Oklahoma City Hold Room,Oklahoma City,Oklahoma,Holding/Staging Facility,Not Available
39,Oldham County Jail,La Grange,Kentucky,Intergovernmental Service Agreement,Not Available
469,Omaha Field Office Holding Facility,Omaha,Nebraska,Holding/Staging Facility,Not Available
3,Ontario County Jail,Canandaigua,New York,Intergovernmental Service Agreement,$80.00
204,Orange County Correctional Facility (Jail),Goshen,New York,Intergovernmental Service Agreement,$133.93
5,Orange County Jail,Orlando,Florida,Intergovernmental Service Agreement,$88.00
24,Orlando Hold Room,Orlando,Florida,Holding/Staging Facility,Not Available
4,Otero County Detention Facility,Alamogordo,New Mexico,Intergovernmental Service Agreement,Not Available
14520,Otero County Processing Center,Chaparral,New Mexico,Intergovernmental Service Agreement,"$91.03 (1-850), $18.72 (851-1000)"
1,Palmdale Regional Medical Center,Palmdale,California,Medical Facility,Not Available
1,Pecos Hold Room,Pecos,Texas,Holding/Staging Facility,Not Available
5,Pelican Island Center,Galveston,Texas,Juvenile Facility,Not Available
1,Pennington County Jail,Rapid City,South Dakota,Intergovernmental Service Agreement,$75.00
2,Perryville State Prison,Goodyear,Arizona,Intergovernmental Service Agreement,Not Available
10,Phelps County Jail,Holdrege,Nebraska,Intergovernmental Service Agreement,$55.00
78,Philadelphia District Office Holding Facility,Philadelphia,Pennsylvania,Holding/Staging Facility,Not Available
6203,Phoenix District Office Holding Facility,Phoenix,Arizona,Holding/Staging Facility,Not Available
2,Phoenix Federal Correctional Institution,Phoenix,Arizona,Federal Bureau of Prisons,Not Available
252,Pike County Correctional Facility (Jail),Lords Valley,Pennsylvania,Intergovernmental Service Agreement,$82.31
5,Pinellas County Jail,Clearwater,Florida,Intergovernmental Service Agreement,$80.00
29,Pioneer Human Services Facilities,Fife,Washington,Juvenile Facility,Not Available
10,Platte County Jail,Platte City,Missouri,Intergovernmental Service Agreement,$77.90
5,Platte County Jail,Wheatland,Wyoming,Intergovernmental Service Agreement,$63.00
136,Plymouth County House of Corrections Facility,Plymouth,Massachusetts,Intergovernmental Service Agreement,$93.82
2056,Polk County Jail,Livingston,Texas,Intergovernmental Service Agreement,$68.59
8,Polk County Jail,Des Moines,Iowa,Intergovernmental Service Agreement,$95.00
1,Port Isabel Police Department,Port Isabel,Texas,Intergovernmental Service Agreement,Not Available
27535,Port Isabel Service Processing Center,Los Fresnos,Texas,ICE Service Processing Center,"800 (GM); $125.69 (1-800), $0.00 (800-1175)"
154,Portland District Office Holding Facility,Portland,Oregon,Holding/Staging Facility,Not Available
2,Portland ME Hold Room,Portland,Maine,Holding/Staging Facility,Not Available
17,Pottawattamie County Jail,Council Bluffs,Iowa,Intergovernmental Service Agreement,$79.26
14,Provo Hold Room,Provo,Utah,Holding/Staging Facility,Not Available
3,Pueblo Hold Room,Pueblo,Colorado,Holding/Staging Facility,Not Available
171,Quality Suites,San Diego,California,Other Facility Type,Not Available
29,Raleigh Hold Room,Raleigh,North Carolina,Holding/Staging Facility,Not Available
48,Ramsey Adult Detention Center Annex,St. Paul,Minnesota,Intergovernmental Service Agreement,$80.00
25,Randall County Jail,Amarillo,Texas,Intergovernmental Service Agreement,$65.00
3,Rapid City Hold Room,Rapid City,South Dakota,Holding/Staging Facility,Not Available
73,Rapp Sec Center,Stafford,Virginia,Intergovernmental Service Agreement,Not Available
26,Richmon Sub-Office Hold Room,Richmond,Virginia,Holding/Staging Facility,Not Available
194,Rio Cosumnes Correctional Center,Elk Grove,California,Intergovernmental Service Agreement,$100.00
7071,Rio Grande Detention Center,Laredo,Texas,Contract Detention Facility,Not Available
5,Roanoke City Jail,Roanoke,Virginia,Intergovernmental Service Agreement,$46.57
7,Rock Island County Jail,Rock Island,Illinois,Intergovernmental Service Agreement,$45.00
5,Rock Island Hold Room,Rock Island,Illinois,Holding/Staging Facility,Not Available
2637,Rolling Plains Detention Center,Haskell,Texas,Intergovernmental Service Agreement,$69.10
855,Sacramento Holding Facility,Sacramento,California,Holding/Staging Facility,Not Available
18,Saint Albans Hold Room,Saint Albans,New York,Holding/Staging Facility,Not Available
109,Salt Lake City Hold Room,Salt Lake City,Utah,Holding/Staging Facility,Not Available
2,Salt Lake County Jail,Salt Lake City,Utah,Intergovernmental Service Agreement,Not Available
1328,San Antonio DRO Hold Room,San Antonio,Texas,Holding/Staging Facility,Not Available
4477,San Bernadino Hold Room,San Bernadino,California,Holding/Staging Facility,Not Available
2402,San Diego (Otay-Mesa) Contract Correctional Facility,San Diego,California,Contract Detention Facility,Not Available
3,San Diego Area Hospital,Chula Vista,California,Medical Facility,Not Available
1,San Diego County Jail,San Diego,California,Intergovernmental Service Agreement,Not Available
14494,San Diego District Staging Facility,San Diego,California,Holding/Staging Facility,Not Available
3,San Diego Metropolitan Correctional Center,San Diego,California,Federal Bureau of Prisons,Not Available
1286,San Francisco Hold Room,San Francisco,California,Holding/Staging Facility,Not Available
71,San Jose Hold Room,San Jose,California,Holding/Staging Facility,Not Available
35,San Juan Airport Hold Room,San Juan,Puerto Rico,Holding/Staging Facility,Not Available
407,San Juan Staging,San Juan,Puerto Rico,Holding/Staging Facility,Not Available
27,San Luis Regional Detention Center,San Luis,Arizona,Intergovernmental Service Agreement,$72.00
16,Sandy Pines Hospital,Tequesta,Florida,Medical Facility,Not Available
1,Sangamon County Jail,Springfield,Illinois,Intergovernmental Service Agreement,$53.50
7,Santa Ana City Jail,Santa Ana,California,Intergovernmental Service Agreement,$105.00
2422,Santa Anna DRO Hold Room,Santa Ana,California,Holding/Staging Facility,Not Available
1,Santa Fe County Jail,Santa Fe,New Mexico,Intergovernmental Service Agreement,Not Available
172,Seattle Field Office Holding Room,Seattle,Washington,Holding/Staging Facility,Not Available
10,Sebastian County Detention Center,Fort Smith,Arkansas,Intergovernmental Service Agreement,$53.00
507,Seneca County Jail,Tiffin,Ohio,Intergovernmental Service Agreement,$58.00
82,Seton Home,San Antonio,Texas,Juvenile Facility,Not Available
3,Shawnee County Department of Corrections Facility,Topeka,Kansas,Intergovernmental Service Agreement,$67.85
32,Shenandoah Valley Juvenile Center,Stauton,Virginia,Juvenile Facility,Not Available
306,Sherburne County Jail,Elk River,Minnesota,Intergovernmental Service Agreement,$80.00
27,Shiloh Treatment Center,Manvel,Texas,Juvenile Facility,Not Available
16,Shreveport Hold Room,Shreveport,Louisiana,Holding/Staging Facility,Not Available
5,Sioux City Hold Room,Sioux City,Iowa,Holding/Staging Facility,Not Available
3,Souix Falls Hold Room,Souix Falls,South Dakota,Holding/Staging Facility,Not Available
6,South Central Regional Jail,Charleston,West Virginia,Intergovernmental Service Agreement,$56.00
22,South Teas/Pearsall Hold Room,Pearsall,Texas,Holding/Staging Facility,Not Available
9510,South Texas Contract Detention Facility,Pearsall,Texas,Contract Detention Facility,Not Available
6840,South Texas Family Residential Center,Dilley,Texas,Intergovernmental Service Agreement,Not Available
777,Southwes Key Progam (Juvenile),Canutillo,Texas,Juvenile Facility,Not Available
952,Southwest Key - Antigua,San Benito,Texas,Juvenile Facility,Not Available
41,Southwest Key - Brownsville Staff SC,Brownsville,Texas,Juvenile Facility,Not Available
332,Southwest Key - Casa Blanca,San Antonio,Texas,Juvenile Facility,Not Available
384,Southwest Key - Casa Franklin,El Paso,Texas,Juvenile Facility,Not Available
362,Southwest Key - Combes Facility,Harlingen,Texas,Juvenile Facility,Not Available
354,Southwest Key - Conroe,Conroe,Texas,Juvenile Facility,Not Available
370,Southwest Key - El Presidente,Brownsville,Texas,Juvenile Facility,Not Available
132,Southwest Key - Houston,Houston,Texas,Juvenile Facility,Not Available
214,Southwest Key - Houston Downtown,Houston,Texas,Juvenile Facility,Not Available
350,Southwest Key - No. 946,(not specified),Texas,Juvenile Facility,Not Available
618,Southwest Key - Nueva Esperanza,Brownsville,Texas,Juvenile Facility,Not Available
812,Southwest Key - Rio Grande,San Benito,Texas,Juvenile Facility,Not Available
99,Southwest Key Juvenile -Sanjose,San Jose,California,Juvenile Facility,Not Available
500,Southwest Key Juvenile Shelter -Campbell,Phoenix,Arizona,Juvenile Facility,Not Available
336,Southwest Key Juvenile Shelter -Casa Lighthouse,Phoenix,Arizona,Juvenile Facility,Not Available
218,Southwest Key Juvenile Shelter -Casa Phoenix,Phoenix,Arizona,Juvenile Facility,Not Available
1167,Southwest Key Juvenile Shelter -Estrella,Tucson,Arizona,Juvenile Facility,Not Available
282,Southwest Key Juvenile Shelter -Glendale,Glendale,Arizona,Juvenile Facility,Not Available
320,Southwest Key Juvenile Shelter -Hacienda del Sol,Youngstown,Arizona,Juvenile Facility,Not Available
445,Southwest Key Juvenile Shelter -Las Palmas,Phoenix,Arizona,Juvenile Facility,Not Available
262,Southwest Key Lemon Grove,Lemon Grove,California,Juvenile Facility,Not Available
433,Southwest Key Processing Center,San Benito,Texas,Juvenile Facility,Not Available
522,Southwest Key Progam (Juvenile),El Paso,Texas,Juvenile Facility,Not Available
252,Southwest Keys Juvenile Facility,El Cajon,California,Juvenile Facility,Not Available
1420,Southwest Louisiana Basile Detention Center,Basile,Louisiana,Contract Detention Facility,$58.02
17,Specialized Care for Immigrant Youth,Chicago,Illinois,Juvenile Facility,Not Available
1,Springfield Federal Medical Center,Springfield,Missouri,Federal Bureau of Prisons,Not Available
243,St. Clair County Facility,Port Huron,Michigan,Intergovernmental Service Agreement,$82.00
1,St. George Hold Room,St. George,Utah,Holding/Staging Facility,Not Available
2,St. Jerome's Group Home,Houston,Texas,Intergovernmental Service Agreement,Not Available
6,St. Louis Hold Room,St. Louis,Missouri,Holding/Staging Facility,Not Available
434,St. Peter - St. Joseph Children's Home,San Antonio,Texas,Juvenile Facility,Not Available
75,St. Tammany Parish Jail,Covington,Louisiana,Intergovernmental Service Agreement,$56.69
5763,Stewart Detention Center,Lumpkin,Georgia,Intergovernmental Service Agreement,$62.03
63,Stockton Staging Facility,San Joaquin,California,Holding/Staging Facility,Not Available
145,Strafford County Correction Facility,Dover,New Hampshire,Intergovernmental Service Agreement,$83.00
427,Suffolk County House of Corrections (South Bay),Boston,Massachusetts,Intergovernmental Service Agreement,$90.00
3,Sussex County Jail,Sussex,New Jersey,Intergovernmental Service Agreement,Not Available
1,Sweetwater County Jail,Rock Springs,Wyoming,Intergovernmental Service Agreement,$61.57
173,Sycamore Canyon Academy,Oracle,Arizona,Juvenile Facility,Not Available
2979,T. Don Hutto Residential Center,Taylor,Texas,Juvenile Facility,Not Available
48,Tampa Hold Room,Tampa,Florida,Holding/Staging Facility,Not Available
57,Tensas Parish Detention Center,Waterproof,Louisiana,Intergovernmental Service Agreement,$46.76
6,Texarkana Hold Room,Texarkana,Texas,Holding/Staging Facility,Not Available
120,The Children's Home - Tampa,Tampa,Florida,Juvenile Facility,Not Available
14,Theo Lacy Facility,Orange,California,Intergovernmental Service Agreement,$118.00
1,Tom Green City Jail,San Angelo,Texas,Intergovernmental Service Agreement,Not Available
1,Toole County Facility,Shelby,Montana,Intergovernmental Service Agreement,Not Available
3,Torrance County Detention Facility,Estancia,New Mexico,Intergovernmental Service Agreement,Not Available
41,Tri-County Detention Center,Ullin,Illinois,Intergovernmental Service Agreement,$76.00
892,Tucson Immigration Holding Room,Tucson,Arizona,Holding/Staging Facility,Not Available
31,Tumbleweed Shelter - Desert Cove,Phoenix,Arizona,Juvenile Facility,Not Available
11,Tumbleweed Shelter - Casa de Suenos-Willetta,Phoenix,Arizona,Juvenile Facility,Not Available
18,Tumbleweed Shelter - Mountain View,Phoenix,Arizona,Juvenile Facility,Not Available
2,Twin Falls Hold Room,Twin Falls,Idaho,Holding/Staging Facility,Not Available
587,U.S. Detention and Deportation Holding Facility,Bloomington,Minnesota,Holding/Staging Facility,Not Available
1,U.S. Marshal's - Southern District of Mississippi,Jackson,Mississippi,U.S. Marshals Service Office,Not Available
1,U.S. Marshal's - Vermont,Burlington,Vermont,U.S. Marshals Service Office,Not Available
63,Unied Methodist Home for Children,Mechanicsburg,Pennsylvania,Juvenile Facility,Not Available
10,Urban Strategies - FMD,Miami,Florida,Juvenile Facility,Not Available
34,Urban Strategies - Iglesia de Dios,Tampa,Florida,Juvenile Facility,Not Available
38,Urban Strategies - Tavares Church,Tavares,Florida,Juvenile Facility,Not Available
21,Urban Strategies Ignite Life Center-Gainesville,Gainesville,Florida,Juvenile Facility,Not Available
56,Urban Strategies-Neighborhood Ministry,Phoenix,Arizona,Juvenile Facility,Not Available
9,US Catholic Conference of Bishops,Richmond,Virginia,Juvenile Facility,Not Available
619,Utah County Jail,Spanish Fork,Utah,Intergovernmental Service Agreement,$72.25
112,Val Verde Detention Center,Del Rio,Texas,Intergovernmental Service Agreement,$56.00
624,Varick Street Service Processing Center,New York,New York,ICE Service Processing Center,Not Available
65,Ventura Custody Case Holding Facility,Camarrillo,California,Holding/Staging Facility,Not Available
1,Vermont Department of Corrections Facility,Waterbury,Vermont,Intergovernmental Service Agreement,Not Available
1,Victor Valley Global Medical Center,Victorville,California,Medical Facility,Not Available
50,Virginia Peninsula Regional Jail,Williamsburg,Virginia,Intergovernmental Service Agreement,$62.37
1,Vista Detention Facility,Vista,California,Intergovernmental Service Agreement,Not Available
2,Wackenhut Facility,San Antonio,Texas,Intergovernmental Service Agreement,$58.00
179,Waco Hold Room,Waco,Texas,Holding/Staging Facility,Not Available
42,Wake County Sheriff Dept.,Raleigh,North Carolina,Intergovernmental Service Agreement,$63.86
92,Wakulla County Jail,Crawfordville,Florida,Intergovernmental Service Agreement,$79.66
26,Washington County Jail,Hurricane,Utah,Intergovernmental Service Agreement,$58.00
1011,Washington Field Office Holding Facility,Fairfax,Virginia,Holding/Staging Facility,Not Available
246,Washoe County Jail,Reno,Nevada,Intergovernmental Service Agreement,$109.00
2,Washtenaw County Facility,Ann Arbor,Michigan,Intergovernmental Service Agreement,Not Available
8,Wayne County Jail,Lyons,New York,Intergovernmental Service Agreement,$75.00
13938,West Texas Detention Facility,Sierra Blanca,Texas,Intergovernmental Service Agreement,$77.00
28,Western Tennessee Detention Center,Mason,Tennessee,Intergovernmental Service Agreement,$102.83
2,White Memorial Hospital,Los Angeles,California,Medical Facility,Not Available
2,Whitfield County Jail,Dalton,Georgia,Intergovernmental Service Agreement,$41.03
23,Wichita Hold Room,Wichita,Kansas,Holding/Staging Facility,Not Available
324,Willacy County Regional Detention Facility,Raymondville,Texas,Intergovernmental Service Agreement,$96.09
380,Worcester County Detention Center,Snow Hill,Maryland,Intergovernmental Service Agreement,$87.11
19,Yakima County Facility,Yakima,Washington,Intergovernmental Service Agreement,$84.51
17,Yakima Sub-Office,Yakima,Washington,Holding/Staging Facility,Not Available
4,Yellowstone County Jail,Billings,Montana,Intergovernmental Service Agreement,Not Available
8,Yolo County Juvenile Detention,Woodland,California,Juvenile Facility,Not Available
133,York County Detention Center,York,South Carolina,Intergovernmental Service Agreement,$55.00
2735,York County Jail,York,Pennsylvania,Intergovernmental Service Agreement,$83.00
171,Youth for Tomorrow,Bristow,Virginia,Juvenile Facility,Not Available
56,YouthCare Facility,Seattle,Washington,Juvenile Facility,Not Available
272,Yuba County Jail,Marysville,California,Intergovernmental Service Agreement,$75.16
846,Yuma Hold Room,Yuma,Arizona,Holding/Staging Facility,Not Available
